"Variable","R2"
"Lpt01_XCMGW",0.240245666740087
"L_STRM_POWER",0.36688918950232
"LQLow_kmcl",0.363707580987349
"LQbkf_kmcl",0.352004390959584
"evap_index_sc",0.476570127626226
"LRBS_use",0.206637188505191
"L_NTL",0.267661181249548
"L_SULF",0.389882157659553
"EPT_RICH_sc",0.427899101637218
